Grouping,Subset,Property,GroupA,GroupB,nA,nB,MedianA,MedianB,CliffsDelta,DeltaMag,MWU_p,KS_stat,KS_p,MWU_p_BH,KS_p_BH
bead type,all,Mass_kDa,MCW,MagReSyn,747,1003,14.008,14.008,-0.042,negligible,0.13463063445697085,0.073,0.018791499295803805,0.20194595168545626,0.03861896390981741
bead type,all,Mass_kDa,MCW,Cytiva,747,947,14.008,14.01,-0.055,negligible,0.0529643571642521,0.072,0.02574597593987827,0.1588930714927563,0.03861896390981741
bead type,all,Mass_kDa,MagReSyn,Cytiva,1003,947,14.008,14.01,-0.014,negligible,0.5975221308583466,0.06,0.05846102429680674,0.5975221308583466,0.05846102429680674
bead type,all,IsoelectricPoint,MCW,MagReSyn,747,1003,10.862,10.315,0.119,negligible,1.9861443190667408e-05,0.084,0.0046261387894213175,5.958432957200222e-05,0.006939208184131976
bead type,all,IsoelectricPoint,MCW,Cytiva,747,947,10.862,10.862,0.031,negligible,0.2723843903244162,0.058,0.11497828202824834,0.2723843903244162,0.11497828202824834
bead type,all,IsoelectricPoint,MagReSyn,Cytiva,1003,947,10.315,10.862,-0.094,negligible,0.00033208292989926906,0.088,0.0009695438682346641,0.0004981243948489035,0.0029086316047039922
bead type,all,GRAVY,MCW,MagReSyn,747,1003,-0.585,-0.582,0.007,negligible,0.7975511323186505,0.051,0.1981157212760138,0.9823761959305969,0.4972491734103791
bead type,all,GRAVY,MCW,Cytiva,747,947,-0.585,-0.585,0.008,negligible,0.7692671353733443,0.046,0.33149944894025274,0.9823761959305969,0.4972491734103791
bead type,all,GRAVY,MagReSyn,Cytiva,1003,947,-0.582,-0.585,0.001,negligible,0.9823761959305969,0.035,0.5819165269931327,0.9823761959305969,0.5819165269931327
condition,all,Mass_kDa,MCW,MagReSyn 0.5% TFA,747,591,14.008,14.008,-0.033,negligible,0.29790240357219855,0.083,0.020752896388861738,0.3830173760213981,0.03303439097948057
condition,all,Mass_kDa,MCW,MagReSyn 2% TFA,747,494,14.008,13.843,0.088,negligible,0.008899017962859704,0.171,4.5670785854713074e-08,0.032036464666294936,2.0551853634620882e-07
condition,all,Mass_kDa,MCW,MagReSyn 10% FA,747,582,14.008,14.01,-0.056,negligible,0.081110345944323,0.076,0.04339026165147378,0.16103560232829717,0.055787479266180565
condition,all,Mass_kDa,MCW,MagReSyn 20% FA,747,477,14.008,13.994,0.018,negligible,0.5978351543682571,0.086,0.026141547792223368,0.669106637131956,0.03921232168833505
condition,all,Mass_kDa,MCW,Cytiva 0.5% TFA,747,568,14.008,14.026,-0.065,negligible,0.04237689677078751,0.063,0.14041578124684184,0.10172245178900732,0.15915100665672094
condition,all,Mass_kDa,MCW,Cytiva 2% TFA,747,439,14.008,13.88,0.074,negligible,0.03340086174317491,0.178,4.127771491318244e-08,0.09249469405802282,2.0551853634620882e-07
condition,all,Mass_kDa,MCW,Cytiva 10% FA,747,544,14.008,14.008,-0.016,negligible,0.6326234178794723,0.057,0.23709529055342785,0.669106637131956,0.25864940787646673
condition,all,Mass_kDa,MCW,Cytiva 20% FA,747,508,14.008,13.993,0.045,negligible,0.17426021855365437,0.096,0.006709264193988137,0.28515308490597985,0.014207853587268995
condition,all,Mass_kDa,MagReSyn 0.5% TFA,MagReSyn 2% TFA,591,494,14.008,13.843,0.105,negligible,0.002816942193075844,0.187,1.002023012872701e-08,0.014487131278675769,7.214565692683447e-08
condition,all,Mass_kDa,MagReSyn 0.5% TFA,MagReSyn 10% FA,591,582,14.008,14.01,-0.021,negligible,0.524090451540008,0.039,0.7340370757943682,0.6289085418480096,0.7772157273116839
condition,all,Mass_kDa,MagReSyn 0.5% TFA,MagReSyn 20% FA,591,477,14.008,13.994,0.043,negligible,0.22468788312818466,0.1,0.009075612476769065,0.3320298289064624,0.01815122495353813
condition,all,Mass_kDa,MagReSyn 0.5% TFA,Cytiva 0.5% TFA,591,568,14.008,14.026,-0.029,negligible,0.39381367674862644,0.067,0.14146756147264083,0.4888721504465708,0.15915100665672094
condition,all,Mass_kDa,MagReSyn 0.5% TFA,Cytiva 2% TFA,591,439,14.008,13.88,0.092,negligible,0.011143550977042272,0.192,1.2086320610237584e-08,0.03646980319759289,7.25179236614255e-08
condition,all,Mass_kDa,MagReSyn 0.5% TFA,Cytiva 10% FA,591,544,14.008,14.008,0.016,negligible,0.6381502114442696,0.101,0.005601347611499375,0.669106637131956,0.012603032125873593
condition,all,Mass_kDa,MagReSyn 0.5% TFA,Cytiva 20% FA,591,508,14.008,13.993,0.071,negligible,0.042384354912086385,0.137,6.152115932672564e-05,0.10172245178900732,0.00020134197597837481
condition,all,Mass_kDa,MagReSyn 2% TFA,MagReSyn 10% FA,494,582,13.843,14.01,-0.137,negligible,0.00010364654994965727,0.194,3.0020906425948344e-09,0.0012437585993958873,3.4099771542474334e-08
condition,all,Mass_kDa,MagReSyn 2% TFA,MagReSyn 20% FA,494,477,13.843,13.994,-0.064,negligible,0.08499101233993461,0.09,0.03603265747020225,0.16103560232829717,0.048043543293603
condition,all,Mass_kDa,MagReSyn 2% TFA,Cytiva 0.5% TFA,494,568,13.843,14.026,-0.157,small,9.591000835509584e-06,0.199,1.2659247909923813e-09,0.000345276030078345,2.2786646237862863e-08
condition,all,Mass_kDa,MagReSyn 2% TFA,Cytiva 2% TFA,494,439,13.843,13.88,-0.021,negligible,0.5733608616983907,0.034,0.935154089631607,0.6658384200368409,0.935154089631607
condition,all,Mass_kDa,MagReSyn 2% TFA,Cytiva 10% FA,494,544,13.843,14.008,-0.121,negligible,0.0007606839224622474,0.15,1.489504791696136e-05,0.005476924241728181,5.3622172501060896e-05
condition,all,Mass_kDa,MagReSyn 2% TFA,Cytiva 20% FA,494,508,13.843,13.993,-0.06,negligible,0.10066536543129408,0.094,0.021105305348001473,0.18119765777632935,0.03303439097948057
condition,all,Mass_kDa,MagReSyn 10% FA,MagReSyn 20% FA,582,477,14.01,13.994,0.07,negligible,0.05115033098681666,0.107,0.004507792244005586,0.11508824472033748,0.010818701385613406
condition,all,Mass_kDa,MagReSyn 10% FA,Cytiva 0.5% TFA,582,568,14.01,14.026,-0.007,negligible,0.8302041535466587,0.035,0.8551595768038641,0.8302041535466587,0.8795927075696888
condition,all,Mass_kDa,MagReSyn 10% FA,Cytiva 2% TFA,582,439,14.01,13.88,0.124,negligible,0.0006538656300034618,0.199,3.78886350471937e-09,0.005476924241728181,3.4099771542474334e-08
condition,all,Mass_kDa,MagReSyn 10% FA,Cytiva 10% FA,582,544,14.01,14.008,0.041,negligible,0.23949737542949678,0.092,0.01603228923300876,0.3320298289064624,0.02748392439944359
condition,all,Mass_kDa,MagReSyn 10% FA,Cytiva 20% FA,582,508,14.01,13.993,0.099,negligible,0.004715160054173123,0.136,7.309947855249354e-05,0.018860640216692492,0.00021929843565748062
condition,all,Mass_kDa,MagReSyn 20% FA,Cytiva 0.5% TFA,477,568,13.994,14.026,-0.084,negligible,0.0188852111194514,0.114,0.0021393502977996416,0.0566556333583542,0.005501186480056221
condition,all,Mass_kDa,MagReSyn 20% FA,Cytiva 2% TFA,477,439,13.994,13.88,0.049,negligible,0.20074615676654595,0.095,0.028939825965236844,0.3142113758085067,0.04167334938994106
condition,all,Mass_kDa,MagReSyn 20% FA,Cytiva 10% FA,477,544,13.994,14.008,-0.043,negligible,0.2397993208768895,0.077,0.09469803628145104,0.3320298289064624,0.11755618297007715
condition,all,Mass_kDa,MagReSyn 20% FA,Cytiva 20% FA,477,508,13.994,13.993,0.017,negligible,0.6505203416560683,0.103,0.010154748474319141,0.669106637131956,0.01924057605660469
condition,all,Mass_kDa,Cytiva 0.5% TFA,Cytiva 2% TFA,568,439,14.026,13.88,0.145,negligible,7.681788727953479e-05,0.205,1.2397345696679791e-09,0.0012437585993958873,2.2786646237862863e-08
condition,all,Mass_kDa,Cytiva 0.5% TFA,Cytiva 10% FA,568,544,14.026,14.008,0.052,negligible,0.13644870489377534,0.07,0.121620387662153,0.23391206553218627,0.14594446519458362
condition,all,Mass_kDa,Cytiva 0.5% TFA,Cytiva 20% FA,568,508,14.026,13.993,0.114,negligible,0.0012177108291212633,0.122,0.0006246149364609134,0.00730626497472758,0.0017297029009686832
condition,all,Mass_kDa,Cytiva 2% TFA,Cytiva 10% FA,439,544,13.88,14.008,-0.106,negligible,0.0041193008592686885,0.16,6.812237625527371e-06,0.0185368538667091,2.724895050210949e-05
condition,all,Mass_kDa,Cytiva 2% TFA,Cytiva 20% FA,439,508,13.88,13.993,-0.042,negligible,0.26999520975999214,0.101,0.014716141555607375,0.3599936130133229,0.026489054800093274
condition,all,Mass_kDa,Cytiva 10% FA,Cytiva 20% FA,544,508,14.008,13.993,0.066,negligible,0.0636332012521565,0.088,0.030351462479783983,0.13475266147515497,0.04202510189508551
condition,all,IsoelectricPoint,MCW,MagReSyn 0.5% TFA,747,591,10.862,10.315,0.137,negligible,1.6144047234312134e-05,0.109,0.0007141262413377285,7.26482125544046e-05,0.001606784043009889
condition,all,IsoelectricPoint,MCW,MagReSyn 2% TFA,747,494,10.862,10.315,0.18,small,7.615652910903433e-08,0.198,1.2383376543244198e-10,1.3708175239626178e-06,2.229007777783956e-09
condition,all,IsoelectricPoint,MCW,MagReSyn 10% FA,747,582,10.862,10.315,0.105,negligible,0.0009709807884330612,0.09,0.009443252391579718,0.002688869875660785,0.016188432671279514
condition,all,IsoelectricPoint,MCW,MagReSyn 20% FA,747,477,10.862,10.486,0.054,negligible,0.11219773499671777,0.113,0.0010626917045041821,0.1835962936309927,0.0022504059624794443
condition,all,IsoelectricPoint,MCW,Cytiva 0.5% TFA,747,568,10.862,10.581,0.032,negligible,0.31466013293137796,0.04,0.664428702360905,0.4045630280546288,0.6834123795712165
condition,all,IsoelectricPoint,MCW,Cytiva 2% TFA,747,439,10.862,10.385,0.161,small,3.728529433369208e-06,0.216,9.479013088971527e-12,2.6845411920258297e-05,3.41244471202975e-10
condition,all,IsoelectricPoint,MCW,Cytiva 10% FA,747,544,10.862,10.883,0.01,negligible,0.7523321538344003,0.044,0.5448141247550835,0.7738273582296689,0.6129158903494689
condition,all,IsoelectricPoint,MCW,Cytiva 20% FA,747,508,10.862,10.883,-0.013,negligible,0.7041140646555644,0.067,0.12963205228137065,0.7455325390470682,0.16660158644686826
condition,all,IsoelectricPoint,MagReSyn 0.5% TFA,MagReSyn 2% TFA,591,494,10.315,10.315,0.027,negligible,0.44933890919651187,0.13,0.0002107295064745173,0.5392066910358142,0.0005057508155388416
condition,all,IsoelectricPoint,MagReSyn 0.5% TFA,MagReSyn 10% FA,591,582,10.315,10.315,-0.036,negligible,0.27991913510102295,0.043,0.6288365973366749,0.37322551346803057,0.6658269854153028
condition,all,IsoelectricPoint,MagReSyn 0.5% TFA,MagReSyn 20% FA,591,477,10.315,10.486,-0.091,negligible,0.010223321281394429,0.112,0.002321563259382455,0.021155128718608807,0.00464312651876491
condition,all,IsoelectricPoint,MagReSyn 0.5% TFA,Cytiva 0.5% TFA,591,568,10.315,10.581,-0.11,negligible,0.0012125631600114635,0.093,0.012538057985308649,0.0029101515840275127,0.01880708697796297
condition,all,IsoelectricPoint,MagReSyn 0.5% TFA,Cytiva 2% TFA,591,439,10.315,10.385,-0.001,negligible,0.9758251872473093,0.148,2.622474511925931e-05,0.9758251872473092,8.582643857212138e-05
condition,all,IsoelectricPoint,MagReSyn 0.5% TFA,Cytiva 10% FA,591,544,10.315,10.883,-0.133,negligible,0.00010131194559397493,0.127,0.0002013222612981287,0.00036472300413830977,0.0005057508155388416
condition,all,IsoelectricPoint,MagReSyn 0.5% TFA,Cytiva 20% FA,591,508,10.315,10.883,-0.158,small,5.977955419587913e-06,0.161,1.2279489945681598e-06,3.586773251752748e-05,6.315166257779108e-06
condition,all,IsoelectricPoint,MagReSyn 2% TFA,MagReSyn 10% FA,494,582,10.315,10.315,-0.069,negligible,0.05120402361334555,0.133,0.00014294699422499085,0.08777832619430666,0.00039585321477689776
condition,all,IsoelectricPoint,MagReSyn 2% TFA,MagReSyn 20% FA,494,477,10.315,10.486,-0.121,negligible,0.0010969292607322456,0.103,0.010961303392098767,0.0028206752418829173,0.01715682270067633
condition,all,IsoelectricPoint,MagReSyn 2% TFA,Cytiva 0.5% TFA,494,568,10.315,10.581,-0.15,small,2.2838155345145978e-05,0.164,1.0499791488556338e-06,9.135262138058391e-05,6.299874893133802e-06
condition,all,IsoelectricPoint,MagReSyn 2% TFA,Cytiva 2% TFA,494,439,10.315,10.385,-0.033,negligible,0.3873371742964271,0.05,0.5929347116381714,0.48083235429901294,0.6468378672416415
condition,all,IsoelectricPoint,MagReSyn 2% TFA,Cytiva 10% FA,494,544,10.315,10.883,-0.186,small,2.2062758240621167e-07,0.158,3.8042229205806056e-06,1.985648241655905e-06,1.5216891682322424e-05
condition,all,IsoelectricPoint,MagReSyn 2% TFA,Cytiva 20% FA,494,508,10.315,10.883,-0.216,small,3.4077524140910956e-09,0.169,1.0244844736269634e-06,1.2267908690727944e-07,6.299874893133802e-06
condition,all,IsoelectricPoint,MagReSyn 10% FA,MagReSyn 20% FA,582,477,10.315,10.486,-0.055,negligible,0.12102461335514655,0.087,0.036627270693659994,0.1894298295993598,0.052743269798870396
condition,all,IsoelectricPoint,MagReSyn 10% FA,Cytiva 0.5% TFA,582,568,10.315,10.581,-0.076,negligible,0.024642694049688732,0.06,0.241676801479826,0.04669142030467338,0.2900121617757912
condition,all,IsoelectricPoint,MagReSyn 10% FA,Cytiva 2% TFA,582,439,10.315,10.385,0.041,negligible,0.2577696718209066,0.152,1.7250442861365377e-05,0.3569118532904861,6.210159430091536e-05
condition,all,IsoelectricPoint,MagReSyn 10% FA,Cytiva 10% FA,582,544,10.315,10.883,-0.1,negligible,0.003538715037554434,0.098,0.008427987175126578,0.007962108834497477,0.01517037691522784
condition,all,IsoelectricPoint,MagReSyn 10% FA,Cytiva 20% FA,582,508,10.315,10.883,-0.125,negligible,0.00034754071594206065,0.134,9.643892565598566e-05,0.001137405979446744,0.000289316776967957
condition,all,IsoelectricPoint,MagReSyn 20% FA,Cytiva 0.5% TFA,477,568,10.486,10.581,-0.022,negligible,0.537022208453277,0.08,0.06874982946099628,0.5858424092217567,0.09166643928132838
condition,all,IsoelectricPoint,MagReSyn 20% FA,Cytiva 2% TFA,477,439,10.486,10.385,0.098,negligible,0.010577564359304403,0.109,0.008199184743475396,0.021155128718608807,0.01517037691522784
condition,all,IsoelectricPoint,MagReSyn 20% FA,Cytiva 10% FA,477,544,10.486,10.883,-0.053,negligible,0.14046914538925664,0.072,0.13420683352664387,0.21070371808388497,0.16660158644686826
condition,all,IsoelectricPoint,MagReSyn 20% FA,Cytiva 20% FA,477,508,10.486,10.883,-0.08,negligible,0.028951449426018308,0.102,0.010687830548466495,0.05211260896683295,0.01715682270067633
condition,all,IsoelectricPoint,Cytiva 0.5% TFA,Cytiva 2% TFA,568,439,10.581,10.385,0.127,negligible,0.0005282032040068168,0.183,9.473856474998938e-08,0.0015846096120204507,1.1368627769998726e-06
condition,all,IsoelectricPoint,Cytiva 0.5% TFA,Cytiva 10% FA,568,544,10.581,10.883,-0.024,negligible,0.4954308065953478,0.05,0.45908696028465773,0.5753390012075006,0.533133244201538
condition,all,IsoelectricPoint,Cytiva 0.5% TFA,Cytiva 20% FA,568,508,10.581,10.883,-0.047,negligible,0.18260292385508536,0.082,0.051843436318498,0.26294821035132293,0.0717832195179203
condition,all,IsoelectricPoint,Cytiva 2% TFA,Cytiva 10% FA,439,544,10.385,10.883,-0.165,small,8.414607194694514e-06,0.177,3.6151820739286185e-07,4.327512271557178e-05,3.2536638665357567e-06
condition,all,IsoelectricPoint,Cytiva 2% TFA,Cytiva 20% FA,439,508,10.385,10.883,-0.195,small,2.1749997664681675e-07,0.168,2.559572593837701e-06,1.985648241655905e-06,1.1518076672269655e-05
condition,all,IsoelectricPoint,Cytiva 10% FA,Cytiva 20% FA,544,508,10.883,10.883,-0.022,negligible,0.5275578170973344,0.038,0.8313139559734424,0.5858424092217567,0.8313139559734424
condition,all,GRAVY,MCW,MagReSyn 0.5% TFA,747,591,-0.585,-0.594,0.019,negligible,0.5473115140530413,0.054,0.27547286124438947,0.7578159425349804,0.3966809201919208
condition,all,GRAVY,MCW,MagReSyn 2% TFA,747,494,-0.585,-0.626,0.116,negligible,0.0005235742047837744,0.198,1.0689242897521787e-10,0.01884867137221588,3.8481274431078435e-09
condition,all,GRAVY,MCW,MagReSyn 10% FA,747,582,-0.585,-0.593,0.023,negligible,0.47228622063601844,0.053,0.31231601990803504,0.6979710056475049,0.4164213598773801
condition,all,GRAVY,MCW,MagReSyn 20% FA,747,477,-0.585,-0.563,0.007,negligible,0.8328190915490136,0.063,0.1849623582418453,0.9072726747990306,0.33173766845688885
condition,all,GRAVY,MCW,Cytiva 0.5% TFA,747,568,-0.585,-0.6,0.064,negligible,0.047453264162813084,0.063,0.1410305399853413,0.21353968873265888,0.2820610799706826
condition,all,GRAVY,MCW,Cytiva 2% TFA,747,439,-0.585,-0.564,0.049,negligible,0.15898829184257834,0.145,1.4975840410946052e-05,0.5106587819433012,8.985504246567632e-05
condition,all,GRAVY,MCW,Cytiva 10% FA,747,544,-0.585,-0.598,0.025,negligible,0.44374827722772314,0.046,0.4983321494002045,0.6979710056475049,0.5787083025292696
condition,all,GRAVY,MCW,Cytiva 20% FA,747,508,-0.585,-0.567,-0.009,negligible,0.7962666848948392,0.059,0.23563293882002467,0.9072726747990306,0.353449408230037
condition,all,GRAVY,MagReSyn 0.5% TFA,MagReSyn 2% TFA,591,494,-0.594,-0.626,0.099,negligible,0.004794999723827899,0.147,1.4023148703754147e-05,0.05753999668593479,8.985504246567632e-05
condition,all,GRAVY,MagReSyn 0.5% TFA,MagReSyn 10% FA,591,582,-0.594,-0.593,0.005,negligible,0.8820706560546131,0.025,0.9918887341049883,0.9072726747990306,0.9918887341049883
condition,all,GRAVY,MagReSyn 0.5% TFA,MagReSyn 20% FA,591,477,-0.594,-0.563,-0.007,negligible,0.8488562938908342,0.055,0.374268992012925,0.9072726747990306,0.46460978318845864
condition,all,GRAVY,MagReSyn 0.5% TFA,Cytiva 0.5% TFA,591,568,-0.594,-0.6,0.044,negligible,0.19541517741987935,0.047,0.522842001260304,0.5106587819433012,0.588197251417842
condition,all,GRAVY,MagReSyn 0.5% TFA,Cytiva 2% TFA,591,439,-0.594,-0.564,0.039,negligible,0.2802210927848162,0.111,0.003808697969810826,0.5934093729560814,0.011426093909432479
condition,all,GRAVY,MagReSyn 0.5% TFA,Cytiva 10% FA,591,544,-0.594,-0.598,0.005,negligible,0.8771874432311267,0.062,0.20747405833561672,0.9072726747990306,0.33950300454919097
condition,all,GRAVY,MagReSyn 0.5% TFA,Cytiva 20% FA,591,508,-0.594,-0.567,-0.026,negligible,0.4534640395658779,0.08,0.05796116705842083,0.6979710056475049,0.13910680094021
condition,all,GRAVY,MagReSyn 2% TFA,MagReSyn 10% FA,494,582,-0.626,-0.593,-0.093,negligible,0.008421884478919797,0.149,1.1605298637755931e-05,0.0666771931398329,8.985504246567632e-05
condition,all,GRAVY,MagReSyn 2% TFA,MagReSyn 20% FA,494,477,-0.626,-0.563,-0.092,negligible,0.01322101759726486,0.137,0.00018158601276022974,0.07932610558358917,0.000726344051040919
condition,all,GRAVY,MagReSyn 2% TFA,Cytiva 0.5% TFA,494,568,-0.626,-0.6,-0.054,negligible,0.1286502957654557,0.141,5.013333154538427e-05,0.5106587819433012,0.0002578285622334048
condition,all,GRAVY,MagReSyn 2% TFA,Cytiva 2% TFA,494,439,-0.626,-0.564,-0.049,negligible,0.1985895263112838,0.073,0.1605553067965895,0.5106587819433012,0.3042100549830117
condition,all,GRAVY,MagReSyn 2% TFA,Cytiva 10% FA,494,544,-0.626,-0.598,-0.093,negligible,0.009260721269421237,0.176,1.6359777215169127e-07,0.0666771931398329,1.963173265820295e-06
condition,all,GRAVY,MagReSyn 2% TFA,Cytiva 20% FA,494,508,-0.626,-0.567,-0.119,negligible,0.0011404125877898582,0.201,2.528427459543413e-09,0.02052742658021745,4.551169427178143e-08
condition,all,GRAVY,MagReSyn 10% FA,MagReSyn 20% FA,582,477,-0.593,-0.563,-0.011,negligible,0.751276127883176,0.057,0.3506108664984224,0.9072726747990306,0.4507853997836859
condition,all,GRAVY,MagReSyn 10% FA,Cytiva 0.5% TFA,582,568,-0.593,-0.6,0.041,negligible,0.23015837924850913,0.04,0.715869452962102,0.5506176354183049,0.7363228659038764
condition,all,GRAVY,MagReSyn 10% FA,Cytiva 2% TFA,582,439,-0.593,-0.564,0.03,negligible,0.4091578715051737,0.105,0.007335604416120894,0.6979710056475049,0.02031398146002709
condition,all,GRAVY,MagReSyn 10% FA,Cytiva 10% FA,582,544,-0.593,-0.598,0.002,negligible,0.959410668558817,0.044,0.6268557943395451,0.9594106685588168,0.6637296645948124
condition,all,GRAVY,MagReSyn 10% FA,Cytiva 20% FA,582,508,-0.593,-0.567,-0.03,negligible,0.38846069893859203,0.058,0.3095500427058481,0.6979710056475049,0.4164213598773801
condition,all,GRAVY,MagReSyn 20% FA,Cytiva 0.5% TFA,477,568,-0.563,-0.6,0.052,negligible,0.1496096783876937,0.085,0.04287237688923659,0.5106587819433012,0.11024325485803696
condition,all,GRAVY,MagReSyn 20% FA,Cytiva 2% TFA,477,439,-0.563,-0.564,0.03,negligible,0.4349524522059063,0.084,0.07378924681993167,0.6979710056475049,0.16602580534484626
condition,all,GRAVY,MagReSyn 20% FA,Cytiva 10% FA,477,544,-0.563,-0.598,0.012,negligible,0.7387088999856148,0.065,0.21972016035652148,0.9072726747990306,0.34390981621020755
condition,all,GRAVY,MagReSyn 20% FA,Cytiva 20% FA,477,508,-0.563,-0.567,-0.016,negligible,0.6672918249041875,0.068,0.19351363993318516,0.8897224332055833,0.33173766845688885
condition,all,GRAVY,Cytiva 0.5% TFA,Cytiva 2% TFA,568,439,-0.6,-0.564,-0.009,negligible,0.8096254488053031,0.12,0.0013504320419734507,0.9072726747990306,0.0044195957737312936
condition,all,GRAVY,Cytiva 0.5% TFA,Cytiva 10% FA,568,544,-0.6,-0.598,-0.04,negligible,0.24471894907480218,0.045,0.5923101875083315,0.5506176354183049,0.6461565681909072
condition,all,GRAVY,Cytiva 0.5% TFA,Cytiva 20% FA,568,508,-0.6,-0.567,-0.073,negligible,0.03800023121224464,0.076,0.08664852234028605,0.19542976052011532,0.18349098848531165
condition,all,GRAVY,Cytiva 2% TFA,Cytiva 10% FA,439,544,-0.564,-0.598,-0.026,negligible,0.4847020872552118,0.122,0.001278066318661139,0.6979710056475049,0.0044195957737312936
condition,all,GRAVY,Cytiva 2% TFA,Cytiva 20% FA,439,508,-0.564,-0.567,-0.049,negligible,0.19695160177416937,0.145,8.9987231217376e-05,0.5106587819433012,0.00040494254047819203
condition,all,GRAVY,Cytiva 10% FA,Cytiva 20% FA,544,508,-0.598,-0.567,-0.033,negligible,0.3573174248284787,0.054,0.4065148223904625,0.6979710056475049,0.487817786868555
bead type,no-histone,Mass_kDa,MCW,MagReSyn,331,508,12.441,14.134,-0.123,negligible,0.0026292113295391865,0.107,0.01826197760466193,0.00788763398861756,0.05478593281398579
bead type,no-histone,Mass_kDa,MCW,Cytiva,331,408,12.441,13.682,-0.097,negligible,0.023488254159217313,0.075,0.23578990339194414,0.035232381238825966,0.3536848550879162
bead type,no-histone,Mass_kDa,MagReSyn,Cytiva,508,408,14.134,13.682,0.031,negligible,0.4187476414363829,0.049,0.6141224648750662,0.4187476414363829,0.6141224648750662
bead type,no-histone,IsoelectricPoint,MCW,MagReSyn,331,508,8.887,8.418,0.125,negligible,0.0022273178246498544,0.124,0.0037769618938483106,0.006681953473949563,0.011330885681544932
bead type,no-histone,IsoelectricPoint,MCW,Cytiva,331,408,8.887,8.887,0.027,negligible,0.5342630139247705,0.048,0.7766456506258314,0.5342630139247705,0.7766456506258314
bead type,no-histone,IsoelectricPoint,MagReSyn,Cytiva,508,408,8.418,8.887,-0.098,negligible,0.010897946929919616,0.103,0.015486057893970874,0.01634692039487942,0.02322908684095631
bead type,no-histone,GRAVY,MCW,MagReSyn,331,508,-0.619,-0.623,0.009,negligible,0.8192395142522051,0.047,0.7548435737024606,0.8192395142522052,0.7548435737024605
bead type,no-histone,GRAVY,MCW,Cytiva,331,408,-0.619,-0.671,0.078,negligible,0.06776419596730288,0.084,0.13704361580519744,0.10164629395095431,0.20556542370779618
bead type,no-histone,GRAVY,MagReSyn,Cytiva,508,408,-0.623,-0.671,0.076,negligible,0.047204867268976596,0.092,0.04042013253166928,0.10164629395095431,0.12126039759500784
condition,no-histone,Mass_kDa,MCW,MagReSyn 0.5% TFA,331,335,12.441,13.704,-0.091,negligible,0.04224089317649568,0.083,0.1901352855737137,0.12526436410662792,0.3802705711474274
condition,no-histone,Mass_kDa,MCW,MagReSyn 2% TFA,331,239,12.441,11.834,0.018,negligible,0.7188306666546224,0.065,0.5623784127271215,0.8625967999855468,0.7786778022375529
condition,no-histone,Mass_kDa,MCW,MagReSyn 10% FA,331,304,12.441,14.485,-0.11,negligible,0.017003866740681006,0.098,0.0854039481969848,0.0874484575235023,0.21961015250653235
condition,no-histone,Mass_kDa,MCW,MagReSyn 20% FA,331,233,12.441,13.433,-0.085,negligible,0.08630023303781295,0.08,0.3195810688044858,0.1827534346683098,0.5478532608076899
condition,no-histone,Mass_kDa,MCW,Cytiva 0.5% TFA,331,269,12.441,14.43,-0.108,negligible,0.02342619174126285,0.094,0.1301350113704583,0.10337542183213833,0.28953754777337204
condition,no-histone,Mass_kDa,MCW,Cytiva 2% TFA,331,206,12.441,12.239,-0.008,negligible,0.8725416804865147,0.071,0.5176103154038866,0.9121552813436009,0.7453588541815966
condition,no-histone,Mass_kDa,MCW,Cytiva 10% FA,331,229,12.441,12.337,-0.012,negligible,0.8096237871035679,0.047,0.904319876801672,0.910783918457155,0.9998519213640384
condition,no-histone,Mass_kDa,MCW,Cytiva 20% FA,331,196,12.441,11.808,0.072,negligible,0.1656002133603106,0.093,0.21761231261299682,0.2608106312830028,0.4123180660035729
condition,no-histone,Mass_kDa,MagReSyn 0.5% TFA,MagReSyn 2% TFA,335,239,13.704,11.834,0.109,negligible,0.02584385545803458,0.137,0.009376237772985683,0.10337542183213833,0.03750495109194273
condition,no-histone,Mass_kDa,MagReSyn 0.5% TFA,MagReSyn 10% FA,335,304,13.704,14.485,-0.018,negligible,0.6878024402761977,0.029,0.9982981119307748,0.8538237189635558,0.9998519213640384
condition,no-histone,Mass_kDa,MagReSyn 0.5% TFA,MagReSyn 20% FA,335,233,13.704,13.433,0.01,negligible,0.8348852585857255,0.051,0.8412896816124718,0.910783918457155,0.9998519213640384
condition,no-histone,Mass_kDa,MagReSyn 0.5% TFA,Cytiva 0.5% TFA,335,269,13.704,14.43,-0.012,negligible,0.8078062308694625,0.04,0.9627083307800784,0.910783918457155,0.9998519213640384
condition,no-histone,Mass_kDa,MagReSyn 0.5% TFA,Cytiva 2% TFA,335,206,13.704,12.239,0.089,negligible,0.0833046652425131,0.135,0.016630871013048984,0.1827534346683098,0.059871135646976346
condition,no-histone,Mass_kDa,MagReSyn 0.5% TFA,Cytiva 10% FA,335,229,13.704,12.337,0.081,negligible,0.10352915225967597,0.098,0.13672606422631456,0.20705830451935195,0.28953754777337204
condition,no-histone,Mass_kDa,MagReSyn 0.5% TFA,Cytiva 20% FA,335,196,13.704,11.808,0.16,small,0.0020392373977820492,0.163,0.0023207386452613796,0.024470848773384592,0.020886647807352415
condition,no-histone,Mass_kDa,MagReSyn 2% TFA,MagReSyn 10% FA,239,304,11.834,14.485,-0.131,negligible,0.008841558958219151,0.158,0.002084094875870888,0.0636592244991779,0.020886647807352415
condition,no-histone,Mass_kDa,MagReSyn 2% TFA,MagReSyn 20% FA,239,233,11.834,13.433,-0.104,negligible,0.050814928059293524,0.138,0.019679584865975715,0.13066695786675478,0.06440591410682961
condition,no-histone,Mass_kDa,MagReSyn 2% TFA,Cytiva 0.5% TFA,239,269,11.834,14.43,-0.126,negligible,0.013854569221802556,0.154,0.004203061907578242,0.08312741533081534,0.030262045734563342
condition,no-histone,Mass_kDa,MagReSyn 2% TFA,Cytiva 2% TFA,239,206,11.834,12.239,-0.027,negligible,0.6209082505251827,0.051,0.915935973542495,0.8278776673669103,0.9998519213640384
condition,no-histone,Mass_kDa,MagReSyn 2% TFA,Cytiva 10% FA,239,229,11.834,12.337,-0.031,negligible,0.562502986385252,0.054,0.8593554266021253,0.7838459104456922,0.9998519213640384
condition,no-histone,Mass_kDa,MagReSyn 2% TFA,Cytiva 20% FA,239,196,11.834,11.808,0.05,negligible,0.3671562705798489,0.081,0.4562276381515496,0.5507344058697733,0.7140954336285125
condition,no-histone,Mass_kDa,MagReSyn 10% FA,MagReSyn 20% FA,304,233,14.485,13.433,0.029,negligible,0.5661109353218888,0.044,0.9453665105157449,0.7838459104456922,0.9998519213640384
condition,no-histone,Mass_kDa,MagReSyn 10% FA,Cytiva 0.5% TFA,304,269,14.485,14.43,0.007,negligible,0.886817634639612,0.038,0.9789580070993192,0.9121552813436009,0.9998519213640384
condition,no-histone,Mass_kDa,MagReSyn 10% FA,Cytiva 2% TFA,304,206,14.485,12.239,0.109,negligible,0.03593434717966609,0.15,0.006783934936102488,0.12526436410662792,0.034421958909159105
condition,no-histone,Mass_kDa,MagReSyn 10% FA,Cytiva 10% FA,304,229,14.485,12.337,0.101,negligible,0.04523435370517119,0.113,0.06366304330522406,0.12526436410662792,0.1762976583836974
condition,no-histone,Mass_kDa,MagReSyn 10% FA,Cytiva 20% FA,304,196,14.485,11.808,0.182,small,0.0005914787866653657,0.185,0.0004550710423989536,0.01508541236480344,0.016382557526362328
condition,no-histone,Mass_kDa,MagReSyn 20% FA,Cytiva 0.5% TFA,233,269,13.433,14.43,-0.023,negligible,0.6544392883375656,0.029,0.9998519213640384,0.8414219421482986,0.9998519213640384
condition,no-histone,Mass_kDa,MagReSyn 20% FA,Cytiva 2% TFA,233,206,13.433,12.239,0.083,negligible,0.13262406318092554,0.127,0.05260869361270554,0.2436315583549984,0.1578260808381166
condition,no-histone,Mass_kDa,MagReSyn 20% FA,Cytiva 10% FA,233,229,13.433,12.337,0.074,negligible,0.16662901443080735,0.092,0.25858011436499856,0.2608106312830028,0.4654442058569974
condition,no-histone,Mass_kDa,MagReSyn 20% FA,Cytiva 20% FA,233,196,13.433,11.808,0.159,small,0.00464565587561806,0.165,0.005124810907867884,0.041810902880562544,0.030748865447207303
condition,no-histone,Mass_kDa,Cytiva 0.5% TFA,Cytiva 2% TFA,269,206,14.43,12.239,0.107,negligible,0.045185446609864476,0.152,0.007649324202035357,0.12526436410662792,0.034421958909159105
condition,no-histone,Mass_kDa,Cytiva 0.5% TFA,Cytiva 10% FA,269,229,14.43,12.337,0.098,negligible,0.05963305234699498,0.106,0.11506736483594171,0.14311932563278795,0.2761616756062601
condition,no-histone,Mass_kDa,Cytiva 0.5% TFA,Cytiva 20% FA,269,196,14.43,11.808,0.181,small,0.0008380784647113022,0.179,0.001125214417790399,0.01508541236480344,0.020253859520227183
condition,no-histone,Mass_kDa,Cytiva 2% TFA,Cytiva 10% FA,206,229,12.239,12.337,-0.005,negligible,0.9315208503420738,0.051,0.922860694095413,0.9315208503420737,0.9998519213640384
condition,no-histone,Mass_kDa,Cytiva 2% TFA,Cytiva 20% FA,206,196,12.239,11.808,0.08,negligible,0.163637966122555,0.089,0.3715602213630809,0.2608106312830028,0.6080076349577688
condition,no-histone,Mass_kDa,Cytiva 10% FA,Cytiva 20% FA,229,196,12.337,11.808,0.084,negligible,0.13535086575277688,0.078,0.5063832859230559,0.2436315583549984,0.7453588541815966
condition,no-histone,IsoelectricPoint,MCW,MagReSyn 0.5% TFA,331,335,8.887,8.551,0.089,negligible,0.047203821886820055,0.1,0.06315130879627939,0.15448523526595653,0.18945392638883818
condition,no-histone,IsoelectricPoint,MCW,MagReSyn 2% TFA,331,239,8.887,8.239,0.118,negligible,0.016239256290767445,0.159,0.0016024489149068742,0.0851044200266658,0.02181408429557775
condition,no-histone,IsoelectricPoint,MCW,MagReSyn 10% FA,331,304,8.887,8.607,0.059,negligible,0.20120476388460762,0.073,0.3464598240322367,0.36217423423629314,0.5483211902371453
condition,no-histone,IsoelectricPoint,MCW,MagReSyn 20% FA,331,233,8.887,9.216,-0.078,negligible,0.11358798576919713,0.102,0.10942361939782846,0.2920833919779354,0.3030192537170634
condition,no-histone,IsoelectricPoint,MCW,Cytiva 0.5% TFA,331,269,8.887,8.887,-0.021,negligible,0.6582628962770752,0.068,0.4696043797181896,0.7644343311604744,0.6340332026374712
condition,no-histone,IsoelectricPoint,MCW,Cytiva 2% TFA,331,206,8.887,8.89,0.059,negligible,0.24630125282561133,0.064,0.654196978615877,0.38767672654308083,0.7359716009428616
condition,no-histone,IsoelectricPoint,MCW,Cytiva 10% FA,331,229,8.887,8.846,0.0,negligible,0.9970328914369764,0.046,0.91627494195431,0.9970328914369764,0.9424542260101475
condition,no-histone,IsoelectricPoint,MCW,Cytiva 20% FA,331,196,8.887,8.906,-0.016,negligible,0.7613970902012397,0.06,0.7303499451405304,0.8565717264763947,0.7967453946987605
condition,no-histone,IsoelectricPoint,MagReSyn 0.5% TFA,MagReSyn 2% TFA,335,239,8.551,8.239,0.03,negligible,0.5439788713619812,0.063,0.6050046744412223,0.6752841161734938,0.7260056093294668
condition,no-histone,IsoelectricPoint,MagReSyn 0.5% TFA,MagReSyn 10% FA,335,304,8.551,8.607,-0.033,negligible,0.47468386223297954,0.065,0.47552490197810343,0.6329118163106394,0.6340332026374712
condition,no-histone,IsoelectricPoint,MagReSyn 0.5% TFA,MagReSyn 20% FA,335,233,8.551,9.216,-0.153,small,0.0019271846707807356,0.135,0.011977495040522708,0.03468932407405324,0.06769752882209285
condition,no-histone,IsoelectricPoint,MagReSyn 0.5% TFA,Cytiva 0.5% TFA,335,269,8.551,8.887,-0.111,negligible,0.018912093339259067,0.131,0.010914810378441296,0.0851044200266658,0.06769752882209285
condition,no-histone,IsoelectricPoint,MagReSyn 0.5% TFA,Cytiva 2% TFA,335,206,8.551,8.89,-0.032,negligible,0.533790041884045,0.085,0.2973145512423471,0.6752841161734938,0.5357967660682543
condition,no-histone,IsoelectricPoint,MagReSyn 0.5% TFA,Cytiva 10% FA,335,229,8.551,8.846,-0.089,negligible,0.0736070623992731,0.094,0.1654890422827644,0.2208211871978193,0.3723503451362199
condition,no-histone,IsoelectricPoint,MagReSyn 0.5% TFA,Cytiva 20% FA,335,196,8.551,8.906,-0.104,negligible,0.04528939371574987,0.125,0.03867991529022596,0.15448523526595653,0.13924769504481344
condition,no-histone,IsoelectricPoint,MagReSyn 2% TFA,MagReSyn 10% FA,239,304,8.239,8.607,-0.064,negligible,0.20120790790905174,0.124,0.029919641899396807,0.36217423423629314,0.11967856759758723
condition,no-histone,IsoelectricPoint,MagReSyn 2% TFA,MagReSyn 20% FA,239,233,8.239,9.216,-0.174,small,0.0010933499077443222,0.166,0.0024237871439530836,0.03468932407405324,0.02181408429557775
condition,no-histone,IsoelectricPoint,MagReSyn 2% TFA,Cytiva 0.5% TFA,239,269,8.239,8.887,-0.139,negligible,0.006826881037830335,0.175,0.0007021544306198279,0.08192257245396402,0.02181408429557775
condition,no-histone,IsoelectricPoint,MagReSyn 2% TFA,Cytiva 2% TFA,239,206,8.239,8.89,-0.06,negligible,0.2713008502755283,0.097,0.22648094247913292,0.38767672654308083,0.4611070107363972
condition,no-histone,IsoelectricPoint,MagReSyn 2% TFA,Cytiva 10% FA,239,229,8.239,8.846,-0.118,negligible,0.026848712279355865,0.143,0.014762867282214938,0.10739484911742346,0.06769752882209285
condition,no-histone,IsoelectricPoint,MagReSyn 2% TFA,Cytiva 20% FA,239,196,8.239,8.906,-0.136,negligible,0.014426802921005406,0.177,0.0018988570922392968,0.0851044200266658,0.02181408429557775
condition,no-histone,IsoelectricPoint,MagReSyn 10% FA,MagReSyn 20% FA,304,233,8.607,9.216,-0.129,negligible,0.01010574135272574,0.134,0.015043895293798409,0.0851044200266658,0.06769752882209285
condition,no-histone,IsoelectricPoint,MagReSyn 10% FA,Cytiva 0.5% TFA,304,269,8.607,8.887,-0.084,negligible,0.08398342193609545,0.085,0.2305535053681986,0.23256947613072587,0.4611070107363972
condition,no-histone,IsoelectricPoint,MagReSyn 10% FA,Cytiva 2% TFA,304,206,8.607,8.89,-0.001,negligible,0.9785033098417139,0.086,0.2976648700379191,0.9970328914369764,0.5357967660682543
condition,no-histone,IsoelectricPoint,MagReSyn 10% FA,Cytiva 10% FA,304,229,8.607,8.846,-0.057,negligible,0.2586701521034227,0.067,0.56700328754686,0.38767672654308083,0.703866150058171
condition,no-histone,IsoelectricPoint,MagReSyn 10% FA,Cytiva 20% FA,304,196,8.607,8.906,-0.071,negligible,0.17970539338661606,0.083,0.3655474601580969,0.3594107867732321,0.5483211902371453
condition,no-histone,IsoelectricPoint,MagReSyn 20% FA,Cytiva 0.5% TFA,233,269,9.216,8.887,0.056,negligible,0.27998874694778064,0.1,0.15029901089798264,0.38767672654308083,0.36071762615515834
condition,no-histone,IsoelectricPoint,MagReSyn 20% FA,Cytiva 2% TFA,233,206,9.216,8.89,0.132,negligible,0.017336667924867325,0.129,0.04589440450002722,0.0851044200266658,0.15019986927281637
condition,no-histone,IsoelectricPoint,MagReSyn 20% FA,Cytiva 10% FA,233,229,9.216,8.846,0.076,negligible,0.15987619538843834,0.086,0.33368269271360723,0.3594107867732321,0.5483211902371453
condition,no-histone,IsoelectricPoint,MagReSyn 20% FA,Cytiva 20% FA,233,196,9.216,8.906,0.061,negligible,0.2737490758164002,0.086,0.3848518938506231,0.38767672654308083,0.5541867271448973
condition,no-histone,IsoelectricPoint,Cytiva 0.5% TFA,Cytiva 2% TFA,269,206,8.887,8.89,0.078,negligible,0.14698909117883252,0.108,0.12187536905598595,0.35277381882919806,0.3133938061439639
condition,no-histone,IsoelectricPoint,Cytiva 0.5% TFA,Cytiva 10% FA,269,229,8.887,8.846,0.024,negligible,0.6476184225092612,0.05,0.901668504358954,0.7644343311604744,0.9424542260101475
condition,no-histone,IsoelectricPoint,Cytiva 0.5% TFA,Cytiva 20% FA,269,196,8.887,8.906,0.012,negligible,0.8208558743286083,0.074,0.5301799246435734,0.8691415139949971,0.6816599031131659
condition,no-histone,IsoelectricPoint,Cytiva 2% TFA,Cytiva 10% FA,206,229,8.89,8.846,-0.062,negligible,0.26719992170845397,0.07,0.6366532529122418,0.38767672654308083,0.7359716009428616
condition,no-histone,IsoelectricPoint,Cytiva 2% TFA,Cytiva 20% FA,206,196,8.89,8.906,-0.078,negligible,0.17411998549016927,0.09,0.3649537087864593,0.3594107867732321,0.5483211902371453
condition,no-histone,IsoelectricPoint,Cytiva 10% FA,Cytiva 20% FA,229,196,8.846,8.906,-0.013,negligible,0.8182812009712412,0.035,0.9984558100149712,0.8691415139949971,0.9984558100149711
condition,no-histone,GRAVY,MCW,MagReSyn 0.5% TFA,331,335,-0.619,-0.623,-0.002,negligible,0.9714016318180604,0.051,0.7580047866312492,0.9714016318180604,0.9321349036794961
condition,no-histone,GRAVY,MCW,MagReSyn 2% TFA,331,239,-0.619,-0.828,0.217,small,9.292161088366974e-06,0.238,2.1532050172462953e-07,6.690355983624222e-05,4.426243158742102e-06
condition,no-histone,GRAVY,MCW,MagReSyn 10% FA,331,304,-0.619,-0.623,0.017,negligible,0.7058811793020154,0.05,0.7991314102914743,0.7700521956021987,0.9321349036794961
condition,no-histone,GRAVY,MCW,MagReSyn 20% FA,331,233,-0.619,-0.623,0.04,negligible,0.42109998601231824,0.054,0.7875844552331531,0.5830615190939791,0.9321349036794961
condition,no-histone,GRAVY,MCW,Cytiva 0.5% TFA,331,269,-0.619,-0.682,0.093,negligible,0.050736914416383,0.094,0.137379085349895,0.11415805743686175,0.27475817069979
condition,no-histone,GRAVY,MCW,Cytiva 2% TFA,331,206,-0.619,-0.856,0.23,small,7.476956816102477e-06,0.248,2.4590239770789456e-07,6.690355983624222e-05,4.426243158742102e-06
condition,no-histone,GRAVY,MCW,Cytiva 10% FA,331,229,-0.619,-0.666,0.078,negligible,0.117075115252219,0.094,0.16714074021554437,0.22182653416209916,0.3166877183031367
condition,no-histone,GRAVY,MCW,Cytiva 20% FA,331,196,-0.619,-0.626,0.071,negligible,0.17433498478469756,0.117,0.06257304846077681,0.2988599739166244,0.14078935903674783
condition,no-histone,GRAVY,MagReSyn 0.5% TFA,MagReSyn 2% TFA,335,239,-0.623,-0.828,0.237,small,1.2260689194504928e-06,0.22,2.107601436273893e-06,2.206924055010887e-05,1.8968412926465036e-05
condition,no-histone,GRAVY,MagReSyn 0.5% TFA,MagReSyn 10% FA,335,304,-0.623,-0.623,0.019,negligible,0.6728565857013555,0.029,0.998448261679141,0.756963658914025,0.9984482616791409
condition,no-histone,GRAVY,MagReSyn 0.5% TFA,MagReSyn 20% FA,335,233,-0.623,-0.623,0.044,negligible,0.37225183821896446,0.068,0.5174960366423158,0.5360426470353088,0.7276252219726802
condition,no-histone,GRAVY,MagReSyn 0.5% TFA,Cytiva 0.5% TFA,335,269,-0.623,-0.682,0.102,negligible,0.03037132987948402,0.107,0.0603125882326056,0.07289119171076165,0.14078935903674783
condition,no-histone,GRAVY,MagReSyn 0.5% TFA,Cytiva 2% TFA,335,206,-0.623,-0.856,0.254,small,6.947747419748998e-07,0.238,7.310453383359694e-07,2.206924055010887e-05,8.772544060031632e-06
condition,no-histone,GRAVY,MagReSyn 0.5% TFA,Cytiva 10% FA,335,229,-0.623,-0.666,0.084,negligible,0.08990419490392536,0.088,0.23041189259253422,0.17980838980785072,0.39499181587291576
condition,no-histone,GRAVY,MagReSyn 0.5% TFA,Cytiva 20% FA,335,196,-0.623,-0.626,0.077,negligible,0.1368533244562897,0.096,0.18874280876303984,0.24633598402132145,0.3397370557734717
condition,no-histone,GRAVY,MagReSyn 2% TFA,MagReSyn 10% FA,239,304,-0.828,-0.623,-0.217,small,1.4381341195539468e-05,0.216,5.977404206389667e-06,8.62880471732368e-05,3.9268343671433316e-05
condition,no-histone,GRAVY,MagReSyn 2% TFA,MagReSyn 20% FA,239,233,-0.828,-0.623,-0.178,small,0.0008119744396927826,0.206,7.31211333533911e-05,0.0036538849786175217,0.0003685862992955291
condition,no-histone,GRAVY,MagReSyn 2% TFA,Cytiva 0.5% TFA,239,269,-0.828,-0.682,-0.128,negligible,0.013031414347316408,0.151,0.005408425574781453,0.033509351178813616,0.013907380049438022
condition,no-histone,GRAVY,MagReSyn 2% TFA,Cytiva 2% TFA,239,206,-0.828,-0.856,0.028,negligible,0.6151628213366626,0.076,0.5119283948356034,0.738195385603995,0.7276252219726802
condition,no-histone,GRAVY,MagReSyn 2% TFA,Cytiva 10% FA,239,229,-0.828,-0.666,-0.15,small,0.005104525771399927,0.178,0.0010184336305629044,0.015313577314199781,0.003333055518205869
condition,no-histone,GRAVY,MagReSyn 2% TFA,Cytiva 20% FA,239,196,-0.828,-0.626,-0.165,small,0.003041879389972901,0.187,0.000877233646739195,0.009955241639911313,0.003158041128261102
condition,no-histone,GRAVY,MagReSyn 10% FA,MagReSyn 20% FA,304,233,-0.623,-0.623,0.026,negligible,0.6007650751047571,0.052,0.8434933159314609,0.738195385603995,0.9489299804228936
condition,no-histone,GRAVY,MagReSyn 10% FA,Cytiva 0.5% TFA,304,269,-0.623,-0.682,0.082,negligible,0.0895214723986671,0.096,0.12903841870532903,0.17980838980785072,0.27325782784657915
condition,no-histone,GRAVY,MagReSyn 10% FA,Cytiva 2% TFA,304,206,-0.623,-0.856,0.232,small,8.914075790721866e-06,0.224,6.544723945238886e-06,6.690355983624222e-05,3.9268343671433316e-05
condition,no-histone,GRAVY,MagReSyn 10% FA,Cytiva 10% FA,304,229,-0.623,-0.666,0.066,negligible,0.18935803334698442,0.079,0.36844469125469764,0.30985860002233817,0.5766960384856137
condition,no-histone,GRAVY,MagReSyn 10% FA,Cytiva 20% FA,304,196,-0.623,-0.626,0.06,negligible,0.2577290936774439,0.087,0.30353995664178285,0.40340205966904263,0.49670174723200833
condition,no-histone,GRAVY,MagReSyn 20% FA,Cytiva 0.5% TFA,233,269,-0.623,-0.682,0.052,negligible,0.3119030265336229,0.061,0.7116661229633126,0.46785453980043434,0.9321349036794961
condition,no-histone,GRAVY,MagReSyn 20% FA,Cytiva 2% TFA,233,206,-0.623,-0.856,0.192,small,0.0004977647038014422,0.212,8.190806651011758e-05,0.0025599327624074167,0.0003685862992955291
condition,no-histone,GRAVY,MagReSyn 20% FA,Cytiva 10% FA,233,229,-0.623,-0.666,0.037,negligible,0.49656111095508826,0.058,0.8026717226128994,0.662081481273451,0.9321349036794961
condition,no-histone,GRAVY,MagReSyn 20% FA,Cytiva 20% FA,233,196,-0.623,-0.626,0.03,negligible,0.5866403535852396,0.077,0.5255071047580469,0.738195385603995,0.7276252219726802
condition,no-histone,GRAVY,Cytiva 0.5% TFA,Cytiva 2% TFA,269,206,-0.682,-0.856,0.147,small,0.005873119561208656,0.159,0.004770541951022121,0.016264023400270125,0.013210731556676642
condition,no-histone,GRAVY,Cytiva 0.5% TFA,Cytiva 10% FA,269,229,-0.682,-0.666,-0.016,negligible,0.754722125399915,0.035,0.9956535218162053,0.7991175445410865,0.9984482616791409
condition,no-histone,GRAVY,Cytiva 0.5% TFA,Cytiva 20% FA,269,196,-0.682,-0.626,-0.025,negligible,0.6398479015634932,0.05,0.919228260299814,0.743049176009218,0.9984482616791409
condition,no-histone,GRAVY,Cytiva 2% TFA,Cytiva 10% FA,206,229,-0.856,-0.666,-0.168,small,0.0024838139031743843,0.179,0.0016026859852825079,0.008941730051427784,0.004808057955847524
condition,no-histone,GRAVY,Cytiva 2% TFA,Cytiva 20% FA,206,196,-0.856,-0.626,-0.185,small,0.0013242403348716668,0.194,0.0008184311597900458,0.005296961339486667,0.003158041128261102
condition,no-histone,GRAVY,Cytiva 10% FA,Cytiva 20% FA,229,196,-0.666,-0.626,-0.01,negligible,0.8557226249659802,0.04,0.991621786150744,0.8801718428221511,0.9984482616791409
